id,created_time,updated_time,title,chinese_title,kind,source_channel,severity,topic,tags,occurred_at,count,resolved,note,chinese_note,urgency_score,page_file
row_rs_00001,2026-05-17T06:16:59.228Z,2026-05-17T10:57:21.171Z,Customer report: billing webhook retries #1,客户反馈: 账单 Webhook 重试 #1,Email,Customer email,Low,Billing,,2026-05-17,17,true,,,0,Customer_report_billing_webhook_retries_#1--row_rs_00001.md
row_rs_00002,2026-05-16T22:35:44.944Z,2026-05-17T02:10:19.105Z,Engineering note: infra cost trend #2,工程笔记: 基础设施成本上扬 #2,Slack,Pager duty,Critical,Search,urgent;customer,2026-05-16,30,true,Short note.,"已记录,本周不需要额外动作。",0,Engineering_note_infra_cost_trend_#2--row_rs_00002.md
row_rs_00003,2026-05-16T15:00:50.173Z,2026-05-16T19:33:47.829Z,Incident drill: feature flag rollout #3,应急演练: 功能开关灰度 #3,Bug,Support ticket,Low,Auth,urgent,2026-05-16,35,false,Owner ack'd; no action required this cycle.,"负责人已确认,等待下周复盘。",8,Incident_drill_feature_flag_rollout_#3--row_rs_00003.md
row_rs_00004,2026-05-16T10:13:19.917Z,2026-05-16T13:40:54.654Z,Bug triage: auth latency spike #4,Bug 分诊: 登录延迟突增 #4,Note,Support ticket,High,Search,,2026-05-16,46,true,Worth a follow up with the owning team. Recheck after the next release branch is cut to confirm the regression is fully gone and that the dashboards reflect the recovered state.,需要在下一个发布周期内复查。建议把链接放进 runbook 作为案例。,0,Bug_triage_auth_latency_spike_#4--row_rs_00004.md
row_rs_00005,2026-05-15T22:56:53.746Z,2026-05-15T23:19:51.373Z,Sync recap: UI shimmer regression #5,同步回顾: 界面闪烁回归 #5,Meeting,Status page,Info,Analytics,manual;internal,2026-05-15,32,true,Triaged in standup. Lower confidence than usual because the alert fired during a deploy window and may be incidental. Will need a second data point before we escalate.,"在站会上分诊。告警在发布窗口期触发,可能是偶发,需要再观察一轮。",0,Sync_recap_UI_shimmer_regression_#5--row_rs_00005.md
row_rs_00006,2026-05-15T17:16:22.196Z,2026-05-15T20:04:11.811Z,Doc update: analytics gap #6,文档更新: 数据上报缺口 #6,Doc,Telemetry alert,High,Search,manual;internal,2026-05-15,49,false,Customer is unblocked but reports a similar symptom intermittently. Tagging for the next cross-team review.,"客户问题已临时绕过,但仍偶发相似症状,留作跨组例会议题。",60,Doc_update_analytics_gap_#6--row_rs_00006.md
row_rs_00007,2026-05-15T10:25:41.001Z,2026-05-15T13:48:32.429Z,Investigation: schema migration delay #7,排查记录: 迁移延期 #7,Email,Customer email,Low,Mobile,,2026-05-15,36,false,Marked as automated rollup; the underlying batch retried successfully on its own. Keep the link for the runbook so we have an example.,"自动批处理已重试成功,标记为自动化。链接保留供新人参考。",8,Investigation_schema_migration_delay_#7--row_rs_00007.md
row_rs_00008,2026-05-14T23:46:22.214Z,2026-05-15T03:33:45.261Z,Follow up: search index rebuild #8,跟进事项: 搜索索引重建 #8,Slack,Pager duty,Info,UI,automated,2026-05-14,38,false,,,1,Follow_up_search_index_rebuild_#8--row_rs_00008.md
row_rs_00009,2026-05-14T17:20:27.770Z,2026-05-14T22:01:29.860Z,Telemetry blip: mobile crash cluster #9,遥测异常: 移动端崩溃聚簇 #9,Bug,Pager duty,Info,Analytics,automated,2026-05-14,25,false,Short note.,"已记录,本周不需要额外动作。",1,Telemetry_blip_mobile_crash_cluster_#9--row_rs_00009.md
row_rs_00010,2026-05-14T12:33:08.018Z,2026-05-14T16:49:30.255Z,Pager event: queue backlog growth #10,值班事件: 队列积压增长 #10,Note,Status page,High,Search,urgent,2026-05-14,14,true,Owner ack'd; no action required this cycle.,"负责人已确认,等待下周复盘。",0,Pager_event_queue_backlog_growth_#10--row_rs_00010.md
row_rs_00011,2026-05-14T09:20:39.787Z,2026-05-14T09:45:12.853Z,Customer report: billing webhook retries #11,客户反馈: 账单 Webhook 重试 #11,Meeting,Telemetry alert,Critical,Auth,manual,2026-05-14,48,true,Worth a follow up with the owning team. Recheck after the next release branch is cut to confirm the regression is fully gone and that the dashboards reflect the recovered state.,需要在下一个发布周期内复查。建议把链接放进 runbook 作为案例。,0,
row_rs_00012,2026-05-13T18:08:17.053Z,2026-05-13T22:03:53.101Z,Engineering note: infra cost trend #12,工程笔记: 基础设施成本上扬 #12,Doc,Customer email,High,Billing,urgent,2026-05-13,49,true,Triaged in standup. Lower confidence than usual because the alert fired during a deploy window and may be incidental. Will need a second data point before we escalate.,"在站会上分诊。告警在发布窗口期触发,可能是偶发,需要再观察一轮。",0,
row_rs_00013,2026-05-13T16:23:18.079Z,2026-05-13T17:43:59.019Z,Incident drill: feature flag rollout #13,应急演练: 功能开关灰度 #13,Email,Customer email,Low,Billing,manual;internal,2026-05-13,6,true,Customer is unblocked but reports a similar symptom intermittently. Tagging for the next cross-team review.,"客户问题已临时绕过,但仍偶发相似症状,留作跨组例会议题。",0,
row_rs_00014,2026-05-13T06:47:33.969Z,2026-05-13T10:39:15.130Z,Bug triage: auth latency spike #14,Bug 分诊: 登录延迟突增 #14,Slack,Pager duty,Info,Infra,urgent;internal,2026-05-13,3,false,Marked as automated rollup; the underlying batch retried successfully on its own. Keep the link for the runbook so we have an example.,"自动批处理已重试成功,标记为自动化。链接保留供新人参考。",1,
row_rs_00015,2026-05-12T21:57:51.748Z,2026-05-13T00:33:44.587Z,Sync recap: UI shimmer regression #15,同步回顾: 界面闪烁回归 #15,Bug,Pager duty,Critical,Analytics,,2026-05-12,15,true,,,0,
row_rs_00016,2026-05-12T17:20:22.743Z,2026-05-12T17:50:11.210Z,Doc update: analytics gap #16,文档更新: 数据上报缺口 #16,Note,Status page,Critical,Infra,customer,2026-05-12,26,true,Short note.,"已记录,本周不需要额外动作。",0,
row_rs_00017,2026-05-12T15:32:08.749Z,2026-05-12T17:23:49.078Z,Investigation: schema migration delay #17,排查记录: 迁移延期 #17,Meeting,Telemetry alert,Info,Billing,,2026-05-12,44,true,Owner ack'd; no action required this cycle.,"负责人已确认,等待下周复盘。",0,
row_rs_00018,2026-05-12T01:03:07.479Z,2026-05-12T05:17:22.851Z,Follow up: search index rebuild #18,跟进事项: 搜索索引重建 #18,Doc,Customer email,High,Billing,manual,2026-05-12,36,true,Worth a follow up with the owning team. Recheck after the next release branch is cut to confirm the regression is fully gone and that the dashboards reflect the recovered state.,需要在下一个发布周期内复查。建议把链接放进 runbook 作为案例。,0,
row_rs_00019,2026-05-11T18:13:16.053Z,2026-05-11T22:38:37.764Z,Telemetry blip: mobile crash cluster #19,遥测异常: 移动端崩溃聚簇 #19,Email,Internal slack,Medium,Auth,,2026-05-11,50,false,Triaged in standup. Lower confidence than usual because the alert fired during a deploy window and may be incidental. Will need a second data point before we escalate.,"在站会上分诊。告警在发布窗口期触发,可能是偶发,需要再观察一轮。",25,
row_rs_00020,2026-05-11T13:27:25.286Z,2026-05-11T18:11:51.694Z,Pager event: queue backlog growth #20,值班事件: 队列积压增长 #20,Slack,Internal slack,High,UI,urgent;internal,2026-05-11,44,true,Customer is unblocked but reports a similar symptom intermittently. Tagging for the next cross-team review.,"客户问题已临时绕过,但仍偶发相似症状,留作跨组例会议题。",0,
row_rs_00021,2026-05-11T03:58:09.659Z,2026-05-11T08:16:56.732Z,Customer report: billing webhook retries #21,客户反馈: 账单 Webhook 重试 #21,Bug,Pager duty,High,UI,,2026-05-11,41,false,Marked as automated rollup; the underlying batch retried successfully on its own. Keep the link for the runbook so we have an example.,"自动批处理已重试成功,标记为自动化。链接保留供新人参考。",60,
row_rs_00022,2026-05-10T21:49:33.639Z,2026-05-10T22:17:27.671Z,Engineering note: infra cost trend #22,工程笔记: 基础设施成本上扬 #22,Note,Status page,Info,Billing,automated,2026-05-10,19,true,,,0,
row_rs_00023,2026-05-10T17:14:11.327Z,2026-05-10T20:36:14.607Z,Incident drill: feature flag rollout #23,应急演练: 功能开关灰度 #23,Meeting,Status page,Critical,Search,manual;urgent,2026-05-10,40,true,Short note.,"已记录,本周不需要额外动作。",0,
row_rs_00024,2026-05-10T05:43:50.762Z,2026-05-10T06:52:26.230Z,Bug triage: auth latency spike #24,Bug 分诊: 登录延迟突增 #24,Doc,Customer email,Info,Billing,urgent;internal,2026-05-10,37,false,Owner ack'd; no action required this cycle.,"负责人已确认,等待下周复盘。",1,
row_rs_00025,2026-05-10T01:55:24.598Z,2026-05-10T05:24:45.811Z,Sync recap: UI shimmer regression #25,同步回顾: 界面闪烁回归 #25,Email,Customer email,High,Search,internal,2026-05-10,18,true,Worth a follow up with the owning team. Recheck after the next release branch is cut to confirm the regression is fully gone and that the dashboards reflect the recovered state.,需要在下一个发布周期内复查。建议把链接放进 runbook 作为案例。,0,
row_rs_00026,2026-05-09T21:33:26.308Z,2026-05-10T02:03:43.102Z,Doc update: analytics gap #26,文档更新: 数据上报缺口 #26,Slack,Pager duty,High,Mobile,manual,2026-05-09,19,true,Triaged in standup. Lower confidence than usual because the alert fired during a deploy window and may be incidental. Will need a second data point before we escalate.,"在站会上分诊。告警在发布窗口期触发,可能是偶发,需要再观察一轮。",0,
row_rs_00027,2026-05-09T08:13:21.741Z,2026-05-09T13:01:51.314Z,Investigation: schema migration delay #27,排查记录: 迁移延期 #27,Bug,Pager duty,Medium,UI,manual,2026-05-09,5,true,Customer is unblocked but reports a similar symptom intermittently. Tagging for the next cross-team review.,"客户问题已临时绕过,但仍偶发相似症状,留作跨组例会议题。",0,
row_rs_00028,2026-05-09T05:51:32.117Z,2026-05-09T09:30:37.142Z,Follow up: search index rebuild #28,跟进事项: 搜索索引重建 #28,Note,Support ticket,Low,Search,urgent;internal,2026-05-09,49,false,Marked as automated rollup; the underlying batch retried successfully on its own. Keep the link for the runbook so we have an example.,"自动批处理已重试成功,标记为自动化。链接保留供新人参考。",8,
row_rs_00029,2026-05-09T00:34:19.340Z,2026-05-09T03:55:13.069Z,Telemetry blip: mobile crash cluster #29,遥测异常: 移动端崩溃聚簇 #29,Meeting,Status page,Info,Billing,,2026-05-09,5,true,,,0,
row_rs_00030,2026-05-08T14:28:40.968Z,2026-05-08T18:42:23.360Z,Pager event: queue backlog growth #30,值班事件: 队列积压增长 #30,Doc,Telemetry alert,High,Mobile,automated,2026-05-08,43,false,Short note.,"已记录,本周不需要额外动作。",60,
row_rs_00031,2026-05-08T10:16:30.711Z,2026-05-08T12:31:10.992Z,Customer report: billing webhook retries #31,客户反馈: 账单 Webhook 重试 #31,Email,Customer email,High,Analytics,automated;manual,2026-05-08,4,false,Owner ack'd; no action required this cycle.,"负责人已确认,等待下周复盘。",60,
row_rs_00032,2026-05-08T00:56:59.352Z,2026-05-08T01:16:09.778Z,Engineering note: infra cost trend #32,工程笔记: 基础设施成本上扬 #32,Slack,Pager duty,Low,UI,,2026-05-08,7,false,Worth a follow up with the owning team. Recheck after the next release branch is cut to confirm the regression is fully gone and that the dashboards reflect the recovered state.,需要在下一个发布周期内复查。建议把链接放进 runbook 作为案例。,8,
row_rs_00033,2026-05-07T21:38:45.615Z,2026-05-07T21:41:55.968Z,Incident drill: feature flag rollout #33,应急演练: 功能开关灰度 #33,Bug,Support ticket,Critical,Analytics,customer,2026-05-07,28,false,Triaged in standup. Lower confidence than usual because the alert fired during a deploy window and may be incidental. Will need a second data point before we escalate.,"在站会上分诊。告警在发布窗口期触发,可能是偶发,需要再观察一轮。",100,
row_rs_00034,2026-05-07T07:11:35.693Z,2026-05-07T10:06:20.673Z,Bug triage: auth latency spike #34,Bug 分诊: 登录延迟突增 #34,Note,Support ticket,High,Auth,urgent,2026-05-07,34,false,Customer is unblocked but reports a similar symptom intermittently. Tagging for the next cross-team review.,"客户问题已临时绕过,但仍偶发相似症状,留作跨组例会议题。",60,
row_rs_00035,2026-05-07T07:26:51.066Z,2026-05-07T07:39:28.298Z,Sync recap: UI shimmer regression #35,同步回顾: 界面闪烁回归 #35,Meeting,Status page,Medium,Infra,automated,2026-05-07,4,false,Marked as automated rollup; the underlying batch retried successfully on its own. Keep the link for the runbook so we have an example.,"自动批处理已重试成功,标记为自动化。链接保留供新人参考。",25,
row_rs_00036,2026-05-07T00:17:37.066Z,2026-05-07T02:50:27.769Z,Doc update: analytics gap #36,文档更新: 数据上报缺口 #36,Doc,Telemetry alert,Info,Infra,urgent;manual,2026-05-07,38,true,,,0,
row_rs_00037,2026-05-06T09:45:11.943Z,2026-05-06T11:11:21.031Z,Investigation: schema migration delay #37,排查记录: 迁移延期 #37,Email,Internal slack,Info,UI,internal,2026-05-06,26,true,Short note.,"已记录,本周不需要额外动作。",0,
row_rs_00038,2026-05-06T05:07:18.257Z,2026-05-06T07:39:50.335Z,Follow up: search index rebuild #38,跟进事项: 搜索索引重建 #38,Slack,Internal slack,High,Search,customer,2026-05-06,36,false,Owner ack'd; no action required this cycle.,"负责人已确认,等待下周复盘。",60,
row_rs_00039,2026-05-05T23:22:29.378Z,2026-05-06T03:41:47.500Z,Telemetry blip: mobile crash cluster #39,遥测异常: 移动端崩溃聚簇 #39,Bug,Support ticket,Info,Analytics,internal;automated,2026-05-05,35,false,Worth a follow up with the owning team. Recheck after the next release branch is cut to confirm the regression is fully gone and that the dashboards reflect the recovered state.,需要在下一个发布周期内复查。建议把链接放进 runbook 作为案例。,1,
row_rs_00040,2026-05-05T13:06:19.023Z,2026-05-05T15:33:09.629Z,Pager event: queue backlog growth #40,值班事件: 队列积压增长 #40,Note,Support ticket,Low,Auth,internal;manual,2026-05-05,44,false,Triaged in standup. Lower confidence than usual because the alert fired during a deploy window and may be incidental. Will need a second data point before we escalate.,"在站会上分诊。告警在发布窗口期触发,可能是偶发,需要再观察一轮。",8,
row_rs_00041,2026-05-05T08:28:34.300Z,2026-05-05T08:43:24.822Z,Customer report: billing webhook retries #41,客户反馈: 账单 Webhook 重试 #41,Meeting,Status page,Critical,UI,internal;automated,2026-05-05,26,true,Customer is unblocked but reports a similar symptom intermittently. Tagging for the next cross-team review.,"客户问题已临时绕过,但仍偶发相似症状,留作跨组例会议题。",0,
row_rs_00042,2026-05-05T00:48:24.345Z,2026-05-05T03:20:05.210Z,Engineering note: infra cost trend #42,工程笔记: 基础设施成本上扬 #42,Doc,Telemetry alert,Medium,Auth,,2026-05-05,27,true,Marked as automated rollup; the underlying batch retried successfully on its own. Keep the link for the runbook so we have an example.,"自动批处理已重试成功,标记为自动化。链接保留供新人参考。",0,
row_rs_00043,2026-05-04T15:39:40.363Z,2026-05-04T17:10:26.759Z,Incident drill: feature flag rollout #43,应急演练: 功能开关灰度 #43,Email,Customer email,High,Mobile,automated;urgent,2026-05-04,36,true,,,0,
row_rs_00044,2026-05-04T09:32:12.914Z,2026-05-04T13:52:22.551Z,Bug triage: auth latency spike #44,Bug 分诊: 登录延迟突增 #44,Slack,Pager duty,High,Infra,manual,2026-05-04,45,false,Short note.,"已记录,本周不需要额外动作。",60,
row_rs_00045,2026-05-04T01:13:31.131Z,2026-05-04T04:45:01.670Z,Sync recap: UI shimmer regression #45,同步回顾: 界面闪烁回归 #45,Bug,Pager duty,Info,Auth,internal,2026-05-04,46,true,Owner ack'd; no action required this cycle.,"负责人已确认,等待下周复盘。",0,
row_rs_00046,2026-05-03T23:50:09.539Z,2026-05-04T04:30:37.480Z,Doc update: analytics gap #46,文档更新: 数据上报缺口 #46,Note,Status page,High,Auth,,2026-05-03,3,true,Worth a follow up with the owning team. Recheck after the next release branch is cut to confirm the regression is fully gone and that the dashboards reflect the recovered state.,需要在下一个发布周期内复查。建议把链接放进 runbook 作为案例。,0,
row_rs_00047,2026-05-03T14:13:09.024Z,2026-05-03T16:21:03.009Z,Investigation: schema migration delay #47,排查记录: 迁移延期 #47,Meeting,Telemetry alert,Info,Infra,,2026-05-03,1,true,Triaged in standup. Lower confidence than usual because the alert fired during a deploy window and may be incidental. Will need a second data point before we escalate.,"在站会上分诊。告警在发布窗口期触发,可能是偶发,需要再观察一轮。",0,
row_rs_00048,2026-05-03T10:38:31.175Z,2026-05-03T13:04:37.296Z,Follow up: search index rebuild #48,跟进事项: 搜索索引重建 #48,Doc,Customer email,Low,Search,manual;urgent,2026-05-03,42,false,Customer is unblocked but reports a similar symptom intermittently. Tagging for the next cross-team review.,"客户问题已临时绕过,但仍偶发相似症状,留作跨组例会议题。",8,
row_rs_00049,2026-05-02T22:30:08.977Z,2026-05-02T22:58:24.093Z,Telemetry blip: mobile crash cluster #49,遥测异常: 移动端崩溃聚簇 #49,Email,Customer email,Low,Billing,,2026-05-02,14,true,Marked as automated rollup; the underlying batch retried successfully on its own. Keep the link for the runbook so we have an example.,"自动批处理已重试成功,标记为自动化。链接保留供新人参考。",0,
row_rs_00050,2026-05-02T12:55:40.482Z,2026-05-02T16:42:57.117Z,Pager event: queue backlog growth #50,值班事件: 队列积压增长 #50,Slack,Pager duty,Low,Analytics,manual;automated,2026-05-02,11,true,,,0,
row_rs_00051,2026-05-02T09:03:18.526Z,2026-05-02T12:57:55.886Z,Customer report: billing webhook retries #51,客户反馈: 账单 Webhook 重试 #51,Bug,Support ticket,Medium,Billing,urgent;manual,2026-05-02,43,false,Short note.,"已记录,本周不需要额外动作。",25,
row_rs_00052,2026-05-02T07:10:00.952Z,2026-05-02T09:34:17.113Z,Engineering note: infra cost trend #52,工程笔记: 基础设施成本上扬 #52,Note,Support ticket,Medium,Auth,internal;automated,2026-05-02,34,false,Owner ack'd; no action required this cycle.,"负责人已确认,等待下周复盘。",25,
row_rs_00053,2026-05-01T19:04:28.330Z,2026-05-01T22:49:42.027Z,Incident drill: feature flag rollout #53,应急演练: 功能开关灰度 #53,Meeting,Status page,Medium,Auth,customer,2026-05-01,49,true,Worth a follow up with the owning team. Recheck after the next release branch is cut to confirm the regression is fully gone and that the dashboards reflect the recovered state.,需要在下一个发布周期内复查。建议把链接放进 runbook 作为案例。,0,
row_rs_00054,2026-05-01T13:05:40.680Z,2026-05-01T13:52:20.126Z,Bug triage: auth latency spike #54,Bug 分诊: 登录延迟突增 #54,Doc,Telemetry alert,Low,UI,customer;automated,2026-05-01,39,true,Triaged in standup. Lower confidence than usual because the alert fired during a deploy window and may be incidental. Will need a second data point before we escalate.,"在站会上分诊。告警在发布窗口期触发,可能是偶发,需要再观察一轮。",0,
row_rs_00055,2026-05-01T02:33:58.963Z,2026-05-01T03:43:59.184Z,Sync recap: UI shimmer regression #55,同步回顾: 界面闪烁回归 #55,Email,Customer email,Medium,Billing,urgent,2026-05-01,39,true,Customer is unblocked but reports a similar symptom intermittently. Tagging for the next cross-team review.,"客户问题已临时绕过,但仍偶发相似症状,留作跨组例会议题。",0,
row_rs_00056,2026-04-30T19:23:03.279Z,2026-04-30T20:23:02.317Z,Doc update: analytics gap #56,文档更新: 数据上报缺口 #56,Slack,Internal slack,Low,Search,internal;customer,2026-04-30,43,false,Marked as automated rollup; the underlying batch retried successfully on its own. Keep the link for the runbook so we have an example.,"自动批处理已重试成功,标记为自动化。链接保留供新人参考。",8,
row_rs_00057,2026-04-30T12:31:05.881Z,2026-04-30T14:40:32.508Z,Investigation: schema migration delay #57,排查记录: 迁移延期 #57,Bug,Pager duty,Critical,Infra,manual,2026-04-30,40,true,,,0,
row_rs_00058,2026-04-30T11:45:39.670Z,2026-04-30T15:20:41.537Z,Follow up: search index rebuild #58,跟进事项: 搜索索引重建 #58,Note,Status page,High,UI,,2026-04-30,23,true,Short note.,"已记录,本周不需要额外动作。",0,
row_rs_00059,2026-04-30T02:24:34.849Z,2026-04-30T06:02:48.638Z,Telemetry blip: mobile crash cluster #59,遥测异常: 移动端崩溃聚簇 #59,Meeting,Status page,Critical,Infra,,2026-04-30,30,false,Owner ack'd; no action required this cycle.,"负责人已确认,等待下周复盘。",100,
row_rs_00060,2026-04-29T15:07:56.653Z,2026-04-29T16:42:53.832Z,Pager event: queue backlog growth #60,值班事件: 队列积压增长 #60,Doc,Customer email,Critical,Mobile,automated,2026-04-29,40,true,Worth a follow up with the owning team. Recheck after the next release branch is cut to confirm the regression is fully gone and that the dashboards reflect the recovered state.,需要在下一个发布周期内复查。建议把链接放进 runbook 作为案例。,0,
row_rs_00061,2026-04-29T13:20:39.917Z,2026-04-29T17:34:33.359Z,Customer report: billing webhook retries #61,客户反馈: 账单 Webhook 重试 #61,Email,Internal slack,High,Mobile,automated;internal,2026-04-29,19,true,Triaged in standup. Lower confidence than usual because the alert fired during a deploy window and may be incidental. Will need a second data point before we escalate.,"在站会上分诊。告警在发布窗口期触发,可能是偶发,需要再观察一轮。",0,
row_rs_00062,2026-04-29T08:58:30.431Z,2026-04-29T10:18:30.027Z,Engineering note: infra cost trend #62,工程笔记: 基础设施成本上扬 #62,Slack,Pager duty,Low,Billing,urgent,2026-04-29,28,true,Customer is unblocked but reports a similar symptom intermittently. Tagging for the next cross-team review.,"客户问题已临时绕过,但仍偶发相似症状,留作跨组例会议题。",0,
row_rs_00063,2026-04-28T18:00:32.553Z,2026-04-28T21:11:14.621Z,Incident drill: feature flag rollout #63,应急演练: 功能开关灰度 #63,Bug,Pager duty,Low,Auth,,2026-04-28,45,false,Marked as automated rollup; the underlying batch retried successfully on its own. Keep the link for the runbook so we have an example.,"自动批处理已重试成功,标记为自动化。链接保留供新人参考。",8,
row_rs_00064,2026-04-28T11:50:28.571Z,2026-04-28T13:51:07.158Z,Bug triage: auth latency spike #64,Bug 分诊: 登录延迟突增 #64,Note,Status page,Low,Analytics,customer;internal,2026-04-28,24,false,,,8,
row_rs_00065,2026-04-28T06:03:55.340Z,2026-04-28T09:24:32.797Z,Sync recap: UI shimmer regression #65,同步回顾: 界面闪烁回归 #65,Meeting,Telemetry alert,Info,UI,customer;manual,2026-04-28,31,true,Short note.,"已记录,本周不需要额外动作。",0,
row_rs_00066,2026-04-28T00:03:43.792Z,2026-04-28T04:10:54.158Z,Doc update: analytics gap #66,文档更新: 数据上报缺口 #66,Doc,Customer email,Low,UI,internal,2026-04-27,17,false,Owner ack'd; no action required this cycle.,"负责人已确认,等待下周复盘。",8,
row_rs_00067,2026-04-27T14:38:56.106Z,2026-04-27T18:45:31.455Z,Investigation: schema migration delay #67,排查记录: 迁移延期 #67,Email,Internal slack,Critical,UI,,2026-04-27,16,false,Worth a follow up with the owning team. Recheck after the next release branch is cut to confirm the regression is fully gone and that the dashboards reflect the recovered state.,需要在下一个发布周期内复查。建议把链接放进 runbook 作为案例。,100,
row_rs_00068,2026-04-27T06:49:00.792Z,2026-04-27T07:36:41.787Z,Follow up: search index rebuild #68,跟进事项: 搜索索引重建 #68,Slack,Pager duty,Low,Analytics,manual,2026-04-27,32,true,Triaged in standup. Lower confidence than usual because the alert fired during a deploy window and may be incidental. Will need a second data point before we escalate.,"在站会上分诊。告警在发布窗口期触发,可能是偶发,需要再观察一轮。",0,
row_rs_00069,2026-04-27T06:37:09.416Z,2026-04-27T07:47:40.436Z,Telemetry blip: mobile crash cluster #69,遥测异常: 移动端崩溃聚簇 #69,Bug,Support ticket,Critical,Analytics,,2026-04-27,25,false,Customer is unblocked but reports a similar symptom intermittently. Tagging for the next cross-team review.,"客户问题已临时绕过,但仍偶发相似症状,留作跨组例会议题。",100,
row_rs_00070,2026-04-26T15:26:03.026Z,2026-04-26T20:07:34.385Z,Pager event: queue backlog growth #70,值班事件: 队列积压增长 #70,Note,Status page,Medium,Infra,urgent;manual,2026-04-26,47,false,Marked as automated rollup; the underlying batch retried successfully on its own. Keep the link for the runbook so we have an example.,"自动批处理已重试成功,标记为自动化。链接保留供新人参考。",25,
row_rs_00071,2026-04-26T11:10:11.757Z,2026-04-26T12:12:16.886Z,Customer report: billing webhook retries #71,客户反馈: 账单 Webhook 重试 #71,Meeting,Status page,Medium,UI,urgent;automated,2026-04-26,35,true,,,0,
row_rs_00072,2026-04-26T09:34:07.539Z,2026-04-26T09:52:09.400Z,Engineering note: infra cost trend #72,工程笔记: 基础设施成本上扬 #72,Doc,Customer email,Critical,Analytics,customer;automated,2026-04-26,28,false,Short note.,"已记录,本周不需要额外动作。",100,
row_rs_00073,2026-04-26T01:05:49.312Z,2026-04-26T02:55:27.011Z,Incident drill: feature flag rollout #73,应急演练: 功能开关灰度 #73,Email,Customer email,Info,Infra,automated,2026-04-26,18,true,Owner ack'd; no action required this cycle.,"负责人已确认,等待下周复盘。",0,
row_rs_00074,2026-04-25T12:25:30.659Z,2026-04-25T16:29:27.345Z,Bug triage: auth latency spike #74,Bug 分诊: 登录延迟突增 #74,Slack,Internal slack,Info,Infra,customer;internal,2026-04-25,40,true,Worth a follow up with the owning team. Recheck after the next release branch is cut to confirm the regression is fully gone and that the dashboards reflect the recovered state.,需要在下一个发布周期内复查。建议把链接放进 runbook 作为案例。,0,
row_rs_00075,2026-04-25T09:22:15.413Z,2026-04-25T11:34:16.809Z,Sync recap: UI shimmer regression #75,同步回顾: 界面闪烁回归 #75,Bug,Pager duty,Critical,Analytics,,2026-04-25,9,false,Triaged in standup. Lower confidence than usual because the alert fired during a deploy window and may be incidental. Will need a second data point before we escalate.,"在站会上分诊。告警在发布窗口期触发,可能是偶发,需要再观察一轮。",100,
row_rs_00076,2026-04-24T22:37:08.032Z,2026-04-24T22:47:22.645Z,Doc update: analytics gap #76,文档更新: 数据上报缺口 #76,Note,Status page,High,Mobile,automated,2026-04-24,2,true,Customer is unblocked but reports a similar symptom intermittently. Tagging for the next cross-team review.,"客户问题已临时绕过,但仍偶发相似症状,留作跨组例会议题。",0,
row_rs_00077,2026-04-24T18:12:21.241Z,2026-04-24T22:07:32.465Z,Investigation: schema migration delay #77,排查记录: 迁移延期 #77,Meeting,Status page,Medium,Infra,customer,2026-04-24,39,false,Marked as automated rollup; the underlying batch retried successfully on its own. Keep the link for the runbook so we have an example.,"自动批处理已重试成功,标记为自动化。链接保留供新人参考。",25,
row_rs_00078,2026-04-24T15:38:06.120Z,2026-04-24T16:34:21.391Z,Follow up: search index rebuild #78,跟进事项: 搜索索引重建 #78,Doc,Customer email,Critical,Infra,internal,2026-04-24,5,true,,,0,
row_rs_00079,2026-04-24T02:53:15.785Z,2026-04-24T06:48:29.345Z,Telemetry blip: mobile crash cluster #79,遥测异常: 移动端崩溃聚簇 #79,Email,Internal slack,Info,Infra,,2026-04-24,42,true,Short note.,"已记录,本周不需要额外动作。",0,
row_rs_00080,2026-04-24T00:14:58.635Z,2026-04-24T00:53:10.349Z,Pager event: queue backlog growth #80,值班事件: 队列积压增长 #80,Slack,Internal slack,High,Billing,,2026-04-24,33,true,Owner ack'd; no action required this cycle.,"负责人已确认,等待下周复盘。",0,
row_rs_00081,2026-04-23T16:19:58.199Z,2026-04-23T17:03:53.848Z,Customer report: billing webhook retries #81,客户反馈: 账单 Webhook 重试 #81,Bug,Support ticket,High,Infra,customer,2026-04-23,41,false,Worth a follow up with the owning team. Recheck after the next release branch is cut to confirm the regression is fully gone and that the dashboards reflect the recovered state.,需要在下一个发布周期内复查。建议把链接放进 runbook 作为案例。,60,
row_rs_00082,2026-04-23T09:24:31.255Z,2026-04-23T13:32:12.091Z,Engineering note: infra cost trend #82,工程笔记: 基础设施成本上扬 #82,Note,Support ticket,High,Search,urgent;internal,2026-04-23,25,true,Triaged in standup. Lower confidence than usual because the alert fired during a deploy window and may be incidental. Will need a second data point before we escalate.,"在站会上分诊。告警在发布窗口期触发,可能是偶发,需要再观察一轮。",0,
row_rs_00083,2026-04-23T01:55:22.533Z,2026-04-23T02:28:00.137Z,Incident drill: feature flag rollout #83,应急演练: 功能开关灰度 #83,Meeting,Telemetry alert,Medium,Auth,manual,2026-04-23,47,false,Customer is unblocked but reports a similar symptom intermittently. Tagging for the next cross-team review.,"客户问题已临时绕过,但仍偶发相似症状,留作跨组例会议题。",25,
row_rs_00084,2026-04-22T19:53:15.790Z,2026-04-22T22:04:56.997Z,Bug triage: auth latency spike #84,Bug 分诊: 登录延迟突增 #84,Doc,Telemetry alert,Critical,Auth,,2026-04-22,24,false,Marked as automated rollup; the underlying batch retried successfully on its own. Keep the link for the runbook so we have an example.,"自动批处理已重试成功,标记为自动化。链接保留供新人参考。",100,
row_rs_00085,2026-04-22T05:55:38.478Z,2026-04-22T07:23:06.905Z,Sync recap: UI shimmer regression #85,同步回顾: 界面闪烁回归 #85,Email,Internal slack,Low,Infra,internal;automated,2026-04-22,3,true,,,0,
row_rs_00086,2026-04-22T05:59:42.148Z,2026-04-22T06:53:59.272Z,Doc update: analytics gap #86,文档更新: 数据上报缺口 #86,Slack,Internal slack,Info,UI,,2026-04-22,18,false,Short note.,"已记录,本周不需要额外动作。",1,
row_rs_00087,2026-04-21T15:52:34.976Z,2026-04-21T17:31:19.284Z,Investigation: schema migration delay #87,排查记录: 迁移延期 #87,Bug,Support ticket,High,Analytics,internal;automated,2026-04-21,16,true,Owner ack'd; no action required this cycle.,"负责人已确认,等待下周复盘。",0,
row_rs_00088,2026-04-21T13:59:33.293Z,2026-04-21T17:16:19.308Z,Follow up: search index rebuild #88,跟进事项: 搜索索引重建 #88,Note,Status page,Medium,Billing,internal,2026-04-21,31,true,Worth a follow up with the owning team. Recheck after the next release branch is cut to confirm the regression is fully gone and that the dashboards reflect the recovered state.,需要在下一个发布周期内复查。建议把链接放进 runbook 作为案例。,0,
row_rs_00089,2026-04-21T01:34:05.072Z,2026-04-21T01:45:46.534Z,Telemetry blip: mobile crash cluster #89,遥测异常: 移动端崩溃聚簇 #89,Meeting,Status page,Low,Mobile,,2026-04-21,50,true,Triaged in standup. Lower confidence than usual because the alert fired during a deploy window and may be incidental. Will need a second data point before we escalate.,"在站会上分诊。告警在发布窗口期触发,可能是偶发,需要再观察一轮。",0,
row_rs_00090,2026-04-20T21:13:36.675Z,2026-04-21T00:26:05.736Z,Pager event: queue backlog growth #90,值班事件: 队列积压增长 #90,Doc,Telemetry alert,Info,Search,urgent,2026-04-20,5,true,Customer is unblocked but reports a similar symptom intermittently. Tagging for the next cross-team review.,"客户问题已临时绕过,但仍偶发相似症状,留作跨组例会议题。",0,
row_rs_00091,2026-04-20T13:17:52.699Z,2026-04-20T16:49:43.831Z,Customer report: billing webhook retries #91,客户反馈: 账单 Webhook 重试 #91,Email,Customer email,Info,Search,manual;customer,2026-04-20,30,true,Marked as automated rollup; the underlying batch retried successfully on its own. Keep the link for the runbook so we have an example.,"自动批处理已重试成功,标记为自动化。链接保留供新人参考。",0,
row_rs_00092,2026-04-20T09:29:23.243Z,2026-04-20T12:58:47.501Z,Engineering note: infra cost trend #92,工程笔记: 基础设施成本上扬 #92,Slack,Internal slack,Critical,Mobile,manual,2026-04-20,31,true,,,0,
row_rs_00093,2026-04-20T02:28:46.313Z,2026-04-20T04:26:05.993Z,Incident drill: feature flag rollout #93,应急演练: 功能开关灰度 #93,Bug,Support ticket,Info,Auth,,2026-04-20,23,true,Short note.,"已记录,本周不需要额外动作。",0,
row_rs_00094,2026-04-19T22:25:44.382Z,2026-04-20T01:59:39.656Z,Bug triage: auth latency spike #94,Bug 分诊: 登录延迟突增 #94,Note,Support ticket,Low,Billing,internal,2026-04-19,34,false,Owner ack'd; no action required this cycle.,"负责人已确认,等待下周复盘。",8,
row_rs_00095,2026-04-19T11:40:18.565Z,2026-04-19T13:01:31.431Z,Sync recap: UI shimmer regression #95,同步回顾: 界面闪烁回归 #95,Meeting,Telemetry alert,Critical,Infra,,2026-04-19,23,false,Worth a follow up with the owning team. Recheck after the next release branch is cut to confirm the regression is fully gone and that the dashboards reflect the recovered state.,需要在下一个发布周期内复查。建议把链接放进 runbook 作为案例。,100,
row_rs_00096,2026-04-19T02:04:36.662Z,2026-04-19T04:34:16.597Z,Doc update: analytics gap #96,文档更新: 数据上报缺口 #96,Doc,Telemetry alert,High,Search,customer,2026-04-19,41,false,Triaged in standup. Lower confidence than usual because the alert fired during a deploy window and may be incidental. Will need a second data point before we escalate.,"在站会上分诊。告警在发布窗口期触发,可能是偶发,需要再观察一轮。",60,
row_rs_00097,2026-04-19T00:34:38.189Z,2026-04-19T04:34:13.545Z,Investigation: schema migration delay #97,排查记录: 迁移延期 #97,Email,Customer email,Medium,Billing,urgent,2026-04-19,34,false,Customer is unblocked but reports a similar symptom intermittently. Tagging for the next cross-team review.,"客户问题已临时绕过,但仍偶发相似症状,留作跨组例会议题。",25,
row_rs_00098,2026-04-18T12:14:07.733Z,2026-04-18T16:04:13.200Z,Follow up: search index rebuild #98,跟进事项: 搜索索引重建 #98,Slack,Pager duty,Info,Billing,internal,2026-04-18,11,false,Marked as automated rollup; the underlying batch retried successfully on its own. Keep the link for the runbook so we have an example.,"自动批处理已重试成功,标记为自动化。链接保留供新人参考。",1,
row_rs_00099,2026-04-18T02:43:18.936Z,2026-04-18T03:04:57.489Z,Telemetry blip: mobile crash cluster #99,遥测异常: 移动端崩溃聚簇 #99,Bug,Support ticket,Info,Infra,internal,2026-04-18,33,false,,,1,
row_rs_00100,2026-04-18T00:31:13.654Z,2026-04-18T05:21:36.292Z,Pager event: queue backlog growth #100,值班事件: 队列积压增长 #100,Note,Support ticket,Info,Search,customer,2026-04-18,14,true,Short note.,"已记录,本周不需要额外动作。",0,
row_rs_00101,2026-04-17T17:35:36.691Z,2026-04-17T18:46:34.590Z,Customer report: billing webhook retries #101,客户反馈: 账单 Webhook 重试 #101,Meeting,Status page,Info,Search,automated;internal,2026-04-17,33,true,Owner ack'd; no action required this cycle.,"负责人已确认,等待下周复盘。",0,
row_rs_00102,2026-04-17T11:37:05.877Z,2026-04-17T15:13:46.709Z,Engineering note: infra cost trend #102,工程笔记: 基础设施成本上扬 #102,Doc,Telemetry alert,Medium,Analytics,internal,2026-04-17,21,true,Worth a follow up with the owning team. Recheck after the next release branch is cut to confirm the regression is fully gone and that the dashboards reflect the recovered state.,需要在下一个发布周期内复查。建议把链接放进 runbook 作为案例。,0,
row_rs_00103,2026-04-17T03:11:47.159Z,2026-04-17T04:37:12.932Z,Incident drill: feature flag rollout #103,应急演练: 功能开关灰度 #103,Email,Customer email,Medium,Analytics,urgent,2026-04-17,7,false,Triaged in standup. Lower confidence than usual because the alert fired during a deploy window and may be incidental. Will need a second data point before we escalate.,"在站会上分诊。告警在发布窗口期触发,可能是偶发,需要再观察一轮。",25,
row_rs_00104,2026-04-16T17:22:10.868Z,2026-04-16T19:25:10.782Z,Bug triage: auth latency spike #104,Bug 分诊: 登录延迟突增 #104,Slack,Internal slack,Info,Search,,2026-04-16,3,true,Customer is unblocked but reports a similar symptom intermittently. Tagging for the next cross-team review.,"客户问题已临时绕过,但仍偶发相似症状,留作跨组例会议题。",0,
row_rs_00105,2026-04-16T11:33:42.812Z,2026-04-16T12:01:17.428Z,Sync recap: UI shimmer regression #105,同步回顾: 界面闪烁回归 #105,Bug,Pager duty,Info,UI,,2026-04-16,5,true,Marked as automated rollup; the underlying batch retried successfully on its own. Keep the link for the runbook so we have an example.,"自动批处理已重试成功,标记为自动化。链接保留供新人参考。",0,
row_rs_00106,2026-04-16T04:14:31.478Z,2026-04-16T05:03:36.805Z,Doc update: analytics gap #106,文档更新: 数据上报缺口 #106,Note,Status page,Medium,Analytics,,2026-04-16,50,false,,,25,
row_rs_00107,2026-04-15T18:05:16.996Z,2026-04-15T22:28:18.827Z,Investigation: schema migration delay #107,排查记录: 迁移延期 #107,Meeting,Status page,Medium,Infra,,2026-04-15,37,false,Short note.,"已记录,本周不需要额外动作。",25,
row_rs_00108,2026-04-15T13:39:50.006Z,2026-04-15T17:30:55.757Z,Follow up: search index rebuild #108,跟进事项: 搜索索引重建 #108,Doc,Customer email,High,Mobile,customer,2026-04-15,9,true,Owner ack'd; no action required this cycle.,"负责人已确认,等待下周复盘。",0,
row_rs_00109,2026-04-15T06:34:20.987Z,2026-04-15T08:46:27.325Z,Telemetry blip: mobile crash cluster #109,遥测异常: 移动端崩溃聚簇 #109,Email,Customer email,Info,Mobile,manual,2026-04-15,13,false,Worth a follow up with the owning team. Recheck after the next release branch is cut to confirm the regression is fully gone and that the dashboards reflect the recovered state.,需要在下一个发布周期内复查。建议把链接放进 runbook 作为案例。,1,
row_rs_00110,2026-04-15T04:34:53.326Z,2026-04-15T08:28:10.767Z,Pager event: queue backlog growth #110,值班事件: 队列积压增长 #110,Slack,Internal slack,Critical,Mobile,automated,2026-04-15,23,false,Triaged in standup. Lower confidence than usual because the alert fired during a deploy window and may be incidental. Will need a second data point before we escalate.,"在站会上分诊。告警在发布窗口期触发,可能是偶发,需要再观察一轮。",100,
row_rs_00111,2026-04-14T21:34:50.452Z,2026-04-14T22:36:32.006Z,Customer report: billing webhook retries #111,客户反馈: 账单 Webhook 重试 #111,Bug,Support ticket,High,Mobile,customer;manual,2026-04-14,43,false,Customer is unblocked but reports a similar symptom intermittently. Tagging for the next cross-team review.,"客户问题已临时绕过,但仍偶发相似症状,留作跨组例会议题。",60,
row_rs_00112,2026-04-14T10:39:17.960Z,2026-04-14T11:39:55.976Z,Engineering note: infra cost trend #112,工程笔记: 基础设施成本上扬 #112,Note,Status page,Medium,Analytics,customer;automated,2026-04-14,21,false,Marked as automated rollup; the underlying batch retried successfully on its own. Keep the link for the runbook so we have an example.,"自动批处理已重试成功,标记为自动化。链接保留供新人参考。",25,
row_rs_00113,2026-04-14T07:18:35.096Z,2026-04-14T10:18:34.452Z,Incident drill: feature flag rollout #113,应急演练: 功能开关灰度 #113,Meeting,Status page,Critical,Search,manual;customer,2026-04-14,27,false,,,100,
row_rs_00114,2026-04-13T23:12:12.748Z,2026-04-14T03:01:45.017Z,Bug triage: auth latency spike #114,Bug 分诊: 登录延迟突增 #114,Doc,Customer email,Medium,UI,automated,2026-04-13,18,true,Short note.,"已记录,本周不需要额外动作。",0,
row_rs_00115,2026-04-13T16:07:44.725Z,2026-04-13T19:25:07.812Z,Sync recap: UI shimmer regression #115,同步回顾: 界面闪烁回归 #115,Email,Internal slack,Critical,UI,,2026-04-13,34,false,Owner ack'd; no action required this cycle.,"负责人已确认,等待下周复盘。",100,
row_rs_00116,2026-04-13T04:52:30.742Z,2026-04-13T05:59:40.748Z,Doc update: analytics gap #116,文档更新: 数据上报缺口 #116,Slack,Pager duty,Low,Infra,,2026-04-13,29,true,Worth a follow up with the owning team. Recheck after the next release branch is cut to confirm the regression is fully gone and that the dashboards reflect the recovered state.,需要在下一个发布周期内复查。建议把链接放进 runbook 作为案例。,0,
row_rs_00117,2026-04-12T23:54:52.335Z,2026-04-13T02:50:09.495Z,Investigation: schema migration delay #117,排查记录: 迁移延期 #117,Bug,Support ticket,Medium,Mobile,internal;manual,2026-04-12,31,true,Triaged in standup. Lower confidence than usual because the alert fired during a deploy window and may be incidental. Will need a second data point before we escalate.,"在站会上分诊。告警在发布窗口期触发,可能是偶发,需要再观察一轮。",0,
row_rs_00118,2026-04-12T12:47:03.427Z,2026-04-12T16:51:18.779Z,Follow up: search index rebuild #118,跟进事项: 搜索索引重建 #118,Note,Status page,Medium,Mobile,manual;urgent,2026-04-12,43,true,Customer is unblocked but reports a similar symptom intermittently. Tagging for the next cross-team review.,"客户问题已临时绕过,但仍偶发相似症状,留作跨组例会议题。",0,
row_rs_00119,2026-04-12T10:45:00.883Z,2026-04-12T14:53:50.544Z,Telemetry blip: mobile crash cluster #119,遥测异常: 移动端崩溃聚簇 #119,Meeting,Status page,Low,Auth,automated;manual,2026-04-12,5,false,Marked as automated rollup; the underlying batch retried successfully on its own. Keep the link for the runbook so we have an example.,"自动批处理已重试成功,标记为自动化。链接保留供新人参考。",8,
row_rs_00120,2026-04-12T03:25:02.866Z,2026-04-12T05:08:05.684Z,Pager event: queue backlog growth #120,值班事件: 队列积压增长 #120,Doc,Customer email,Critical,Infra,internal,2026-04-12,39,false,,,100,
row_rs_00121,2026-04-11T21:47:50.500Z,2026-04-12T00:24:47.895Z,Customer report: billing webhook retries #121,客户反馈: 账单 Webhook 重试 #121,Email,Internal slack,Critical,Auth,automated,2026-04-11,43,true,Short note.,"已记录,本周不需要额外动作。",0,
row_rs_00122,2026-04-11T15:50:49.915Z,2026-04-11T17:07:44.896Z,Engineering note: infra cost trend #122,工程笔记: 基础设施成本上扬 #122,Slack,Internal slack,High,UI,manual;customer,2026-04-11,10,false,Owner ack'd; no action required this cycle.,"负责人已确认,等待下周复盘。",60,
row_rs_00123,2026-04-11T08:00:41.129Z,2026-04-11T10:04:49.468Z,Incident drill: feature flag rollout #123,应急演练: 功能开关灰度 #123,Bug,Support ticket,Info,Infra,,2026-04-11,7,false,Worth a follow up with the owning team. Recheck after the next release branch is cut to confirm the regression is fully gone and that the dashboards reflect the recovered state.,需要在下一个发布周期内复查。建议把链接放进 runbook 作为案例。,1,
row_rs_00124,2026-04-10T17:51:03.746Z,2026-04-10T19:13:42.785Z,Bug triage: auth latency spike #124,Bug 分诊: 登录延迟突增 #124,Note,Support ticket,Info,Analytics,urgent;automated,2026-04-10,11,false,Triaged in standup. Lower confidence than usual because the alert fired during a deploy window and may be incidental. Will need a second data point before we escalate.,"在站会上分诊。告警在发布窗口期触发,可能是偶发,需要再观察一轮。",1,
row_rs_00125,2026-04-10T16:00:53.179Z,2026-04-10T16:42:08.246Z,Sync recap: UI shimmer regression #125,同步回顾: 界面闪烁回归 #125,Meeting,Status page,Low,Search,urgent;internal,2026-04-10,21,true,Customer is unblocked but reports a similar symptom intermittently. Tagging for the next cross-team review.,"客户问题已临时绕过,但仍偶发相似症状,留作跨组例会议题。",0,
row_rs_00126,2026-04-10T08:50:08.428Z,2026-04-10T11:03:16.739Z,Doc update: analytics gap #126,文档更新: 数据上报缺口 #126,Doc,Telemetry alert,High,Infra,automated,2026-04-10,44,true,Marked as automated rollup; the underlying batch retried successfully on its own. Keep the link for the runbook so we have an example.,"自动批处理已重试成功,标记为自动化。链接保留供新人参考。",0,
row_rs_00127,2026-04-09T23:55:33.456Z,2026-04-10T00:27:03.658Z,Investigation: schema migration delay #127,排查记录: 迁移延期 #127,Email,Internal slack,Low,Billing,customer,2026-04-09,17,true,,,0,
row_rs_00128,2026-04-09T14:40:08.997Z,2026-04-09T15:25:55.985Z,Follow up: search index rebuild #128,跟进事项: 搜索索引重建 #128,Slack,Pager duty,High,Auth,internal;automated,2026-04-09,33,false,Short note.,"已记录,本周不需要额外动作。",60,
row_rs_00129,2026-04-09T06:01:19.693Z,2026-04-09T07:05:38.162Z,Telemetry blip: mobile crash cluster #129,遥测异常: 移动端崩溃聚簇 #129,Bug,Pager duty,Medium,Auth,automated,2026-04-09,46,true,Owner ack'd; no action required this cycle.,"负责人已确认,等待下周复盘。",0,
row_rs_00130,2026-04-09T05:57:57.751Z,2026-04-09T07:21:45.872Z,Pager event: queue backlog growth #130,值班事件: 队列积压增长 #130,Note,Support ticket,High,Search,internal;urgent,2026-04-09,31,true,Worth a follow up with the owning team. Recheck after the next release branch is cut to confirm the regression is fully gone and that the dashboards reflect the recovered state.,需要在下一个发布周期内复查。建议把链接放进 runbook 作为案例。,0,
row_rs_00131,2026-04-08T19:41:06.272Z,2026-04-08T22:23:17.280Z,Customer report: billing webhook retries #131,客户反馈: 账单 Webhook 重试 #131,Meeting,Telemetry alert,Medium,Mobile,internal;urgent,2026-04-08,8,true,Triaged in standup. Lower confidence than usual because the alert fired during a deploy window and may be incidental. Will need a second data point before we escalate.,"在站会上分诊。告警在发布窗口期触发,可能是偶发,需要再观察一轮。",0,
row_rs_00132,2026-04-08T12:11:45.180Z,2026-04-08T15:16:29.633Z,Engineering note: infra cost trend #132,工程笔记: 基础设施成本上扬 #132,Doc,Customer email,Medium,Billing,,2026-04-08,2,false,Customer is unblocked but reports a similar symptom intermittently. Tagging for the next cross-team review.,"客户问题已临时绕过,但仍偶发相似症状,留作跨组例会议题。",25,
row_rs_00133,2026-04-08T10:09:18.502Z,2026-04-08T14:58:17.472Z,Incident drill: feature flag rollout #133,应急演练: 功能开关灰度 #133,Email,Customer email,Medium,Infra,manual,2026-04-08,37,false,Marked as automated rollup; the underlying batch retried successfully on its own. Keep the link for the runbook so we have an example.,"自动批处理已重试成功,标记为自动化。链接保留供新人参考。",25,
row_rs_00134,2026-04-07T20:56:06.815Z,2026-04-07T23:07:51.790Z,Bug triage: auth latency spike #134,Bug 分诊: 登录延迟突增 #134,Slack,Internal slack,High,UI,,2026-04-07,21,true,,,0,
row_rs_00135,2026-04-07T16:03:21.897Z,2026-04-07T18:02:59.987Z,Sync recap: UI shimmer regression #135,同步回顾: 界面闪烁回归 #135,Bug,Support ticket,Critical,Billing,,2026-04-07,3,true,Short note.,"已记录,本周不需要额外动作。",0,
row_rs_00136,2026-04-07T11:23:17.351Z,2026-04-07T12:45:29.949Z,Doc update: analytics gap #136,文档更新: 数据上报缺口 #136,Note,Support ticket,High,UI,customer,2026-04-07,10,false,Owner ack'd; no action required this cycle.,"负责人已确认,等待下周复盘。",60,
row_rs_00137,2026-04-07T03:24:52.083Z,2026-04-07T06:41:20.604Z,Investigation: schema migration delay #137,排查记录: 迁移延期 #137,Meeting,Status page,Critical,UI,,2026-04-07,25,false,Worth a follow up with the owning team. Recheck after the next release branch is cut to confirm the regression is fully gone and that the dashboards reflect the recovered state.,需要在下一个发布周期内复查。建议把链接放进 runbook 作为案例。,100,
row_rs_00138,2026-04-06T22:33:34.069Z,2026-04-06T22:53:17.788Z,Follow up: search index rebuild #138,跟进事项: 搜索索引重建 #138,Doc,Customer email,High,Mobile,automated;customer,2026-04-06,10,false,Triaged in standup. Lower confidence than usual because the alert fired during a deploy window and may be incidental. Will need a second data point before we escalate.,"在站会上分诊。告警在发布窗口期触发,可能是偶发,需要再观察一轮。",60,
row_rs_00139,2026-04-06T09:52:18.656Z,2026-04-06T11:20:47.448Z,Telemetry blip: mobile crash cluster #139,遥测异常: 移动端崩溃聚簇 #139,Email,Customer email,Medium,Billing,,2026-04-06,37,true,Customer is unblocked but reports a similar symptom intermittently. Tagging for the next cross-team review.,"客户问题已临时绕过,但仍偶发相似症状,留作跨组例会议题。",0,
row_rs_00140,2026-04-06T02:50:09.904Z,2026-04-06T04:57:08.370Z,Pager event: queue backlog growth #140,值班事件: 队列积压增长 #140,Slack,Internal slack,High,Infra,automated,2026-04-06,46,true,Marked as automated rollup; the underlying batch retried successfully on its own. Keep the link for the runbook so we have an example.,"自动批处理已重试成功,标记为自动化。链接保留供新人参考。",0,
row_rs_00141,2026-04-05T23:33:26.425Z,2026-04-06T00:46:41.025Z,Customer report: billing webhook retries #141,客户反馈: 账单 Webhook 重试 #141,Bug,Pager duty,High,Billing,customer;internal,2026-04-05,31,false,,,60,
row_rs_00142,2026-04-05T12:09:08.042Z,2026-04-05T16:43:50.451Z,Engineering note: infra cost trend #142,工程笔记: 基础设施成本上扬 #142,Note,Status page,Low,Infra,customer;manual,2026-04-05,7,true,Short note.,"已记录,本周不需要额外动作。",0,
row_rs_00143,2026-04-05T05:26:57.426Z,2026-04-05T09:34:53.994Z,Incident drill: feature flag rollout #143,应急演练: 功能开关灰度 #143,Meeting,Telemetry alert,Medium,Search,internal;urgent,2026-04-05,44,false,Owner ack'd; no action required this cycle.,"负责人已确认,等待下周复盘。",25,
row_rs_00144,2026-04-04T22:36:56.268Z,2026-04-05T01:32:30.887Z,Bug triage: auth latency spike #144,Bug 分诊: 登录延迟突增 #144,Doc,Telemetry alert,Info,Auth,internal,2026-04-04,14,true,Worth a follow up with the owning team. Recheck after the next release branch is cut to confirm the regression is fully gone and that the dashboards reflect the recovered state.,需要在下一个发布周期内复查。建议把链接放进 runbook 作为案例。,0,
row_rs_00145,2026-04-04T18:08:26.063Z,2026-04-04T21:31:58.055Z,Sync recap: UI shimmer regression #145,同步回顾: 界面闪烁回归 #145,Email,Internal slack,Critical,Search,,2026-04-04,1,true,Triaged in standup. Lower confidence than usual because the alert fired during a deploy window and may be incidental. Will need a second data point before we escalate.,"在站会上分诊。告警在发布窗口期触发,可能是偶发,需要再观察一轮。",0,
row_rs_00146,2026-04-04T07:42:46.706Z,2026-04-04T09:32:33.110Z,Doc update: analytics gap #146,文档更新: 数据上报缺口 #146,Slack,Pager duty,Low,Mobile,customer,2026-04-04,48,false,Customer is unblocked but reports a similar symptom intermittently. Tagging for the next cross-team review.,"客户问题已临时绕过,但仍偶发相似症状,留作跨组例会议题。",8,
row_rs_00147,2026-04-04T04:07:45.720Z,2026-04-04T07:56:12.757Z,Investigation: schema migration delay #147,排查记录: 迁移延期 #147,Bug,Pager duty,Info,Auth,,2026-04-04,42,true,Marked as automated rollup; the underlying batch retried successfully on its own. Keep the link for the runbook so we have an example.,"自动批处理已重试成功,标记为自动化。链接保留供新人参考。",0,
row_rs_00148,2026-04-03T22:03:30.823Z,2026-04-04T00:16:45.055Z,Follow up: search index rebuild #148,跟进事项: 搜索索引重建 #148,Note,Support ticket,Critical,Billing,urgent,2026-04-03,14,true,,,0,
row_rs_00149,2026-04-03T16:05:39.470Z,2026-04-03T17:52:26.727Z,Telemetry blip: mobile crash cluster #149,遥测异常: 移动端崩溃聚簇 #149,Meeting,Telemetry alert,Low,Search,customer;manual,2026-04-03,13,false,Short note.,"已记录,本周不需要额外动作。",8,
row_rs_00150,2026-04-03T01:48:28.828Z,2026-04-03T04:55:06.679Z,Pager event: queue backlog growth #150,值班事件: 队列积压增长 #150,Doc,Customer email,Critical,Mobile,,2026-04-03,10,false,Owner ack'd; no action required this cycle.,"负责人已确认,等待下周复盘。",100,
row_rs_00151,2026-04-03T00:35:01.567Z,2026-04-03T04:59:23.606Z,Customer report: billing webhook retries #151,客户反馈: 账单 Webhook 重试 #151,Email,Customer email,Medium,Search,,2026-04-03,48,true,Worth a follow up with the owning team. Recheck after the next release branch is cut to confirm the regression is fully gone and that the dashboards reflect the recovered state.,需要在下一个发布周期内复查。建议把链接放进 runbook 作为案例。,0,
row_rs_00152,2026-04-02T11:49:59.269Z,2026-04-02T15:13:09.024Z,Engineering note: infra cost trend #152,工程笔记: 基础设施成本上扬 #152,Slack,Pager duty,Critical,UI,manual,2026-04-02,4,false,Triaged in standup. Lower confidence than usual because the alert fired during a deploy window and may be incidental. Will need a second data point before we escalate.,"在站会上分诊。告警在发布窗口期触发,可能是偶发,需要再观察一轮。",100,
row_rs_00153,2026-04-02T05:14:18.521Z,2026-04-02T06:25:27.801Z,Incident drill: feature flag rollout #153,应急演练: 功能开关灰度 #153,Bug,Support ticket,Critical,Auth,,2026-04-02,50,true,Customer is unblocked but reports a similar symptom intermittently. Tagging for the next cross-team review.,"客户问题已临时绕过,但仍偶发相似症状,留作跨组例会议题。",0,
row_rs_00154,2026-04-01T22:43:54.408Z,2026-04-02T01:45:10.014Z,Bug triage: auth latency spike #154,Bug 分诊: 登录延迟突增 #154,Note,Support ticket,Critical,Search,internal;customer,2026-04-01,24,true,Marked as automated rollup; the underlying batch retried successfully on its own. Keep the link for the runbook so we have an example.,"自动批处理已重试成功,标记为自动化。链接保留供新人参考。",0,
row_rs_00155,2026-04-01T18:22:52.506Z,2026-04-01T23:02:41.178Z,Sync recap: UI shimmer regression #155,同步回顾: 界面闪烁回归 #155,Meeting,Status page,High,UI,,2026-04-01,23,true,,,0,
row_rs_00156,2026-04-01T08:57:55.724Z,2026-04-01T13:48:54.742Z,Doc update: analytics gap #156,文档更新: 数据上报缺口 #156,Doc,Customer email,High,Infra,internal,2026-04-01,32,true,Short note.,"已记录,本周不需要额外动作。",0,
row_rs_00157,2026-04-01T05:27:11.402Z,2026-04-01T08:31:47.233Z,Investigation: schema migration delay #157,排查记录: 迁移延期 #157,Email,Internal slack,Info,Analytics,,2026-04-01,23,true,Owner ack'd; no action required this cycle.,"负责人已确认,等待下周复盘。",0,
row_rs_00158,2026-03-31T23:06:50.176Z,2026-04-01T03:43:31.701Z,Follow up: search index rebuild #158,跟进事项: 搜索索引重建 #158,Slack,Internal slack,Low,Mobile,,2026-03-31,13,false,Worth a follow up with the owning team. Recheck after the next release branch is cut to confirm the regression is fully gone and that the dashboards reflect the recovered state.,需要在下一个发布周期内复查。建议把链接放进 runbook 作为案例。,8,
row_rs_00159,2026-03-31T16:17:56.110Z,2026-03-31T17:55:43.914Z,Telemetry blip: mobile crash cluster #159,遥测异常: 移动端崩溃聚簇 #159,Bug,Pager duty,Info,Analytics,,2026-03-31,27,true,Triaged in standup. Lower confidence than usual because the alert fired during a deploy window and may be incidental. Will need a second data point before we escalate.,"在站会上分诊。告警在发布窗口期触发,可能是偶发,需要再观察一轮。",0,
row_rs_00160,2026-03-31T03:47:43.348Z,2026-03-31T04:19:04.210Z,Pager event: queue backlog growth #160,值班事件: 队列积压增长 #160,Note,Status page,Critical,Search,,2026-03-31,33,true,Customer is unblocked but reports a similar symptom intermittently. Tagging for the next cross-team review.,"客户问题已临时绕过,但仍偶发相似症状,留作跨组例会议题。",0,
row_rs_00161,2026-03-30T20:21:25.088Z,2026-03-30T22:06:20.465Z,Customer report: billing webhook retries #161,客户反馈: 账单 Webhook 重试 #161,Meeting,Status page,Low,Auth,urgent;internal,2026-03-30,7,false,Marked as automated rollup; the underlying batch retried successfully on its own. Keep the link for the runbook so we have an example.,"自动批处理已重试成功,标记为自动化。链接保留供新人参考。",8,
row_rs_00162,2026-03-30T18:46:31.080Z,2026-03-30T21:59:27.425Z,Engineering note: infra cost trend #162,工程笔记: 基础设施成本上扬 #162,Doc,Telemetry alert,High,Analytics,,2026-03-30,18,false,,,60,
row_rs_00163,2026-03-30T09:51:41.874Z,2026-03-30T13:48:40.914Z,Incident drill: feature flag rollout #163,应急演练: 功能开关灰度 #163,Email,Internal slack,Critical,UI,manual,2026-03-30,17,true,Short note.,"已记录,本周不需要额外动作。",0,
row_rs_00164,2026-03-29T22:31:45.261Z,2026-03-30T02:24:05.628Z,Bug triage: auth latency spike #164,Bug 分诊: 登录延迟突增 #164,Slack,Pager duty,Info,Search,automated,2026-03-29,36,true,Owner ack'd; no action required this cycle.,"负责人已确认,等待下周复盘。",0,
row_rs_00165,2026-03-29T19:25:35.531Z,2026-03-29T19:58:23.057Z,Sync recap: UI shimmer regression #165,同步回顾: 界面闪烁回归 #165,Bug,Pager duty,High,Auth,internal,2026-03-29,32,true,Worth a follow up with the owning team. Recheck after the next release branch is cut to confirm the regression is fully gone and that the dashboards reflect the recovered state.,需要在下一个发布周期内复查。建议把链接放进 runbook 作为案例。,0,
row_rs_00166,2026-03-29T12:35:59.797Z,2026-03-29T14:37:53.592Z,Doc update: analytics gap #166,文档更新: 数据上报缺口 #166,Note,Status page,Info,Infra,urgent,2026-03-29,5,false,Triaged in standup. Lower confidence than usual because the alert fired during a deploy window and may be incidental. Will need a second data point before we escalate.,"在站会上分诊。告警在发布窗口期触发,可能是偶发,需要再观察一轮。",1,
row_rs_00167,2026-03-29T08:12:31.138Z,2026-03-29T08:25:56.349Z,Investigation: schema migration delay #167,排查记录: 迁移延期 #167,Meeting,Telemetry alert,High,Billing,internal;manual,2026-03-29,38,false,Customer is unblocked but reports a similar symptom intermittently. Tagging for the next cross-team review.,"客户问题已临时绕过,但仍偶发相似症状,留作跨组例会议题。",60,
row_rs_00168,2026-03-29T01:06:22.650Z,2026-03-29T04:13:12.179Z,Follow up: search index rebuild #168,跟进事项: 搜索索引重建 #168,Doc,Customer email,Info,Analytics,internal;urgent,2026-03-29,3,true,Marked as automated rollup; the underlying batch retried successfully on its own. Keep the link for the runbook so we have an example.,"自动批处理已重试成功,标记为自动化。链接保留供新人参考。",0,
row_rs_00169,2026-03-28T18:43:53.535Z,2026-03-28T21:14:09.117Z,Telemetry blip: mobile crash cluster #169,遥测异常: 移动端崩溃聚簇 #169,Email,Internal slack,Info,Analytics,customer,2026-03-28,26,false,,,1,
row_rs_00170,2026-03-28T04:49:16.359Z,2026-03-28T06:46:06.079Z,Pager event: queue backlog growth #170,值班事件: 队列积压增长 #170,Slack,Internal slack,Critical,Auth,automated;urgent,2026-03-28,27,true,Short note.,"已记录,本周不需要额外动作。",0,
row_rs_00171,2026-03-28T02:08:20.855Z,2026-03-28T04:52:56.795Z,Customer report: billing webhook retries #171,客户反馈: 账单 Webhook 重试 #171,Bug,Support ticket,Low,Infra,urgent,2026-03-28,47,false,Owner ack'd; no action required this cycle.,"负责人已确认,等待下周复盘。",8,
row_rs_00172,2026-03-27T21:41:53.794Z,2026-03-28T00:53:32.997Z,Engineering note: infra cost trend #172,工程笔记: 基础设施成本上扬 #172,Note,Status page,Medium,Billing,,2026-03-27,23,false,Worth a follow up with the owning team. Recheck after the next release branch is cut to confirm the regression is fully gone and that the dashboards reflect the recovered state.,需要在下一个发布周期内复查。建议把链接放进 runbook 作为案例。,25,
row_rs_00173,2026-03-27T10:47:20.936Z,2026-03-27T13:02:36.802Z,Incident drill: feature flag rollout #173,应急演练: 功能开关灰度 #173,Meeting,Telemetry alert,Info,Analytics,,2026-03-27,40,true,Triaged in standup. Lower confidence than usual because the alert fired during a deploy window and may be incidental. Will need a second data point before we escalate.,"在站会上分诊。告警在发布窗口期触发,可能是偶发,需要再观察一轮。",0,
row_rs_00174,2026-03-27T02:49:20.027Z,2026-03-27T06:03:38.696Z,Bug triage: auth latency spike #174,Bug 分诊: 登录延迟突增 #174,Doc,Telemetry alert,Low,Analytics,urgent;customer,2026-03-27,14,true,Customer is unblocked but reports a similar symptom intermittently. Tagging for the next cross-team review.,"客户问题已临时绕过,但仍偶发相似症状,留作跨组例会议题。",0,
row_rs_00175,2026-03-27T00:32:42.288Z,2026-03-27T00:40:58.729Z,Sync recap: UI shimmer regression #175,同步回顾: 界面闪烁回归 #175,Email,Internal slack,Low,Billing,customer;urgent,2026-03-27,49,false,Marked as automated rollup; the underlying batch retried successfully on its own. Keep the link for the runbook so we have an example.,"自动批处理已重试成功,标记为自动化。链接保留供新人参考。",8,
row_rs_00176,2026-03-26T11:28:21.161Z,2026-03-26T15:36:56.401Z,Doc update: analytics gap #176,文档更新: 数据上报缺口 #176,Slack,Internal slack,Medium,Billing,,2026-03-26,46,true,,,0,
row_rs_00177,2026-03-26T08:49:51.768Z,2026-03-26T13:01:23.484Z,Investigation: schema migration delay #177,排查记录: 迁移延期 #177,Bug,Support ticket,Medium,Analytics,automated;urgent,2026-03-26,16,true,Short note.,"已记录,本周不需要额外动作。",0,
row_rs_00178,2026-03-25T22:48:06.578Z,2026-03-25T23:49:59.481Z,Follow up: search index rebuild #178,跟进事项: 搜索索引重建 #178,Note,Support ticket,Info,Mobile,customer;automated,2026-03-25,1,true,Owner ack'd; no action required this cycle.,"负责人已确认,等待下周复盘。",0,
row_rs_00179,2026-03-25T15:34:22.306Z,2026-03-25T19:55:46.160Z,Telemetry blip: mobile crash cluster #179,遥测异常: 移动端崩溃聚簇 #179,Meeting,Status page,Info,UI,manual,2026-03-25,50,true,Worth a follow up with the owning team. Recheck after the next release branch is cut to confirm the regression is fully gone and that the dashboards reflect the recovered state.,需要在下一个发布周期内复查。建议把链接放进 runbook 作为案例。,0,
row_rs_00180,2026-03-25T11:50:10.717Z,2026-03-25T12:52:12.644Z,Pager event: queue backlog growth #180,值班事件: 队列积压增长 #180,Doc,Customer email,Critical,Billing,manual;customer,2026-03-25,16,true,Triaged in standup. Lower confidence than usual because the alert fired during a deploy window and may be incidental. Will need a second data point before we escalate.,"在站会上分诊。告警在发布窗口期触发,可能是偶发,需要再观察一轮。",0,
row_rs_00181,2026-03-24T20:53:54.080Z,2026-03-24T23:08:52.106Z,Customer report: billing webhook retries #181,客户反馈: 账单 Webhook 重试 #181,Email,Customer email,Info,Search,customer;urgent,2026-03-24,21,false,Customer is unblocked but reports a similar symptom intermittently. Tagging for the next cross-team review.,"客户问题已临时绕过,但仍偶发相似症状,留作跨组例会议题。",1,
row_rs_00182,2026-03-24T15:24:03.690Z,2026-03-24T18:14:45.953Z,Engineering note: infra cost trend #182,工程笔记: 基础设施成本上扬 #182,Slack,Pager duty,Medium,Search,internal;urgent,2026-03-24,30,true,Marked as automated rollup; the underlying batch retried successfully on its own. Keep the link for the runbook so we have an example.,"自动批处理已重试成功,标记为自动化。链接保留供新人参考。",0,
row_rs_00183,2026-03-24T12:21:00.257Z,2026-03-24T13:24:11.470Z,Incident drill: feature flag rollout #183,应急演练: 功能开关灰度 #183,Bug,Pager duty,Info,Analytics,urgent,2026-03-24,17,false,,,1,
row_rs_00184,2026-03-24T07:53:24.405Z,2026-03-24T10:32:31.941Z,Bug triage: auth latency spike #184,Bug 分诊: 登录延迟突增 #184,Note,Support ticket,Info,Mobile,automated;customer,2026-03-24,44,true,Short note.,"已记录,本周不需要额外动作。",0,
row_rs_00185,2026-03-23T20:40:21.494Z,2026-03-23T21:45:19.146Z,Sync recap: UI shimmer regression #185,同步回顾: 界面闪烁回归 #185,Meeting,Telemetry alert,Medium,Analytics,internal;manual,2026-03-23,17,true,Owner ack'd; no action required this cycle.,"负责人已确认,等待下周复盘。",0,
row_rs_00186,2026-03-23T13:42:56.846Z,2026-03-23T18:20:59.861Z,Doc update: analytics gap #186,文档更新: 数据上报缺口 #186,Doc,Telemetry alert,Medium,UI,,2026-03-23,46,true,Worth a follow up with the owning team. Recheck after the next release branch is cut to confirm the regression is fully gone and that the dashboards reflect the recovered state.,需要在下一个发布周期内复查。建议把链接放进 runbook 作为案例。,0,
row_rs_00187,2026-03-23T11:35:38.525Z,2026-03-23T15:38:20.054Z,Investigation: schema migration delay #187,排查记录: 迁移延期 #187,Email,Customer email,Medium,Infra,automated,2026-03-23,6,false,Triaged in standup. Lower confidence than usual because the alert fired during a deploy window and may be incidental. Will need a second data point before we escalate.,"在站会上分诊。告警在发布窗口期触发,可能是偶发,需要再观察一轮。",25,
row_rs_00188,2026-03-23T03:39:29.543Z,2026-03-23T04:57:31.620Z,Follow up: search index rebuild #188,跟进事项: 搜索索引重建 #188,Slack,Pager duty,High,Mobile,internal;customer,2026-03-23,19,true,Customer is unblocked but reports a similar symptom intermittently. Tagging for the next cross-team review.,"客户问题已临时绕过,但仍偶发相似症状,留作跨组例会议题。",0,
row_rs_00189,2026-03-22T16:18:52.518Z,2026-03-22T19:12:08.790Z,Telemetry blip: mobile crash cluster #189,遥测异常: 移动端崩溃聚簇 #189,Bug,Pager duty,Low,UI,urgent;automated,2026-03-22,38,false,Marked as automated rollup; the underlying batch retried successfully on its own. Keep the link for the runbook so we have an example.,"自动批处理已重试成功,标记为自动化。链接保留供新人参考。",8,
row_rs_00190,2026-03-22T06:11:35.805Z,2026-03-22T07:17:54.608Z,Pager event: queue backlog growth #190,值班事件: 队列积压增长 #190,Note,Status page,Info,Auth,automated;internal,2026-03-22,17,false,,,1,
row_rs_00191,2026-03-22T06:55:20.323Z,2026-03-22T09:31:34.341Z,Customer report: billing webhook retries #191,客户反馈: 账单 Webhook 重试 #191,Meeting,Telemetry alert,Medium,Analytics,manual;urgent,2026-03-22,22,true,Short note.,"已记录,本周不需要额外动作。",0,
row_rs_00192,2026-03-21T22:17:42.947Z,2026-03-21T23:47:42.447Z,Engineering note: infra cost trend #192,工程笔记: 基础设施成本上扬 #192,Doc,Telemetry alert,Info,Mobile,manual;automated,2026-03-21,18,true,Owner ack'd; no action required this cycle.,"负责人已确认,等待下周复盘。",0,
row_rs_00193,2026-03-21T12:08:36.248Z,2026-03-21T13:09:44.645Z,Incident drill: feature flag rollout #193,应急演练: 功能开关灰度 #193,Email,Internal slack,High,Infra,internal;customer,2026-03-21,45,false,Worth a follow up with the owning team. Recheck after the next release branch is cut to confirm the regression is fully gone and that the dashboards reflect the recovered state.,需要在下一个发布周期内复查。建议把链接放进 runbook 作为案例。,60,
row_rs_00194,2026-03-21T04:49:45.786Z,2026-03-21T05:09:58.231Z,Bug triage: auth latency spike #194,Bug 分诊: 登录延迟突增 #194,Slack,Internal slack,Critical,Search,manual,2026-03-21,13,true,Triaged in standup. Lower confidence than usual because the alert fired during a deploy window and may be incidental. Will need a second data point before we escalate.,"在站会上分诊。告警在发布窗口期触发,可能是偶发,需要再观察一轮。",0,
row_rs_00195,2026-03-21T02:32:15.300Z,2026-03-21T06:42:47.043Z,Sync recap: UI shimmer regression #195,同步回顾: 界面闪烁回归 #195,Bug,Support ticket,Low,Infra,,2026-03-21,20,true,Customer is unblocked but reports a similar symptom intermittently. Tagging for the next cross-team review.,"客户问题已临时绕过,但仍偶发相似症状,留作跨组例会议题。",0,
row_rs_00196,2026-03-20T13:49:30.673Z,2026-03-20T18:21:00.133Z,Doc update: analytics gap #196,文档更新: 数据上报缺口 #196,Note,Status page,Critical,Infra,,2026-03-20,1,false,Marked as automated rollup; the underlying batch retried successfully on its own. Keep the link for the runbook so we have an example.,"自动批处理已重试成功,标记为自动化。链接保留供新人参考。",100,
row_rs_00197,2026-03-20T04:26:44.409Z,2026-03-20T08:29:26.862Z,Investigation: schema migration delay #197,排查记录: 迁移延期 #197,Meeting,Status page,Critical,Billing,,2026-03-20,7,false,,,100,
row_rs_00198,2026-03-19T20:28:29.853Z,2026-03-19T22:04:13.918Z,Follow up: search index rebuild #198,跟进事项: 搜索索引重建 #198,Doc,Telemetry alert,High,Billing,customer,2026-03-19,11,true,Short note.,"已记录,本周不需要额外动作。",0,
row_rs_00199,2026-03-19T19:08:16.032Z,2026-03-19T23:11:35.797Z,Telemetry blip: mobile crash cluster #199,遥测异常: 移动端崩溃聚簇 #199,Email,Internal slack,Info,Analytics,customer,2026-03-19,14,true,Owner ack'd; no action required this cycle.,"负责人已确认,等待下周复盘。",0,
row_rs_00200,2026-03-19T11:42:51.054Z,2026-03-19T15:53:18.564Z,Pager event: queue backlog growth #200,值班事件: 队列积压增长 #200,Slack,Internal slack,Critical,Analytics,internal,2026-03-19,26,true,Worth a follow up with the owning team. Recheck after the next release branch is cut to confirm the regression is fully gone and that the dashboards reflect the recovered state.,需要在下一个发布周期内复查。建议把链接放进 runbook 作为案例。,0,
row_rs_00201,2026-03-19T02:30:42.867Z,2026-03-19T06:29:37.744Z,Customer report: billing webhook retries #201,客户反馈: 账单 Webhook 重试 #201,Bug,Pager duty,Critical,Billing,,2026-03-19,23,true,Triaged in standup. Lower confidence than usual because the alert fired during a deploy window and may be incidental. Will need a second data point before we escalate.,"在站会上分诊。告警在发布窗口期触发,可能是偶发,需要再观察一轮。",0,
row_rs_00202,2026-03-18T19:24:21.941Z,2026-03-18T21:52:18.610Z,Engineering note: infra cost trend #202,工程笔记: 基础设施成本上扬 #202,Note,Status page,Info,Mobile,automated,2026-03-18,24,true,Customer is unblocked but reports a similar symptom intermittently. Tagging for the next cross-team review.,"客户问题已临时绕过,但仍偶发相似症状,留作跨组例会议题。",0,
row_rs_00203,2026-03-18T17:57:14.761Z,2026-03-18T21:47:54.757Z,Incident drill: feature flag rollout #203,应急演练: 功能开关灰度 #203,Meeting,Telemetry alert,Medium,Analytics,,2026-03-18,15,true,Marked as automated rollup; the underlying batch retried successfully on its own. Keep the link for the runbook so we have an example.,"自动批处理已重试成功,标记为自动化。链接保留供新人参考。",0,
row_rs_00204,2026-03-18T07:43:35.192Z,2026-03-18T07:59:26.431Z,Bug triage: auth latency spike #204,Bug 分诊: 登录延迟突增 #204,Doc,Telemetry alert,Critical,Infra,internal,2026-03-18,9,true,,,0,
row_rs_00205,2026-03-17T19:26:03.970Z,2026-03-17T22:00:58.025Z,Sync recap: UI shimmer regression #205,同步回顾: 界面闪烁回归 #205,Email,Internal slack,Low,Analytics,customer;automated,2026-03-17,48,true,Short note.,"已记录,本周不需要额外动作。",0,
row_rs_00206,2026-03-17T18:45:35.564Z,2026-03-17T21:06:40.331Z,Doc update: analytics gap #206,文档更新: 数据上报缺口 #206,Slack,Internal slack,High,UI,automated,2026-03-17,14,false,Owner ack'd; no action required this cycle.,"负责人已确认,等待下周复盘。",60,
row_rs_00207,2026-03-17T10:28:26.286Z,2026-03-17T10:32:00.806Z,Investigation: schema migration delay #207,排查记录: 迁移延期 #207,Bug,Pager duty,Low,Mobile,,2026-03-17,23,true,Worth a follow up with the owning team. Recheck after the next release branch is cut to confirm the regression is fully gone and that the dashboards reflect the recovered state.,需要在下一个发布周期内复查。建议把链接放进 runbook 作为案例。,0,
row_rs_00208,2026-03-17T04:11:34.498Z,2026-03-17T04:24:47.959Z,Follow up: search index rebuild #208,跟进事项: 搜索索引重建 #208,Note,Status page,Critical,UI,customer,2026-03-17,44,true,Triaged in standup. Lower confidence than usual because the alert fired during a deploy window and may be incidental. Will need a second data point before we escalate.,"在站会上分诊。告警在发布窗口期触发,可能是偶发,需要再观察一轮。",0,
row_rs_00209,2026-03-16T20:59:18.167Z,2026-03-16T21:59:53.396Z,Telemetry blip: mobile crash cluster #209,遥测异常: 移动端崩溃聚簇 #209,Meeting,Telemetry alert,Medium,Mobile,internal;customer,2026-03-16,46,true,Customer is unblocked but reports a similar symptom intermittently. Tagging for the next cross-team review.,"客户问题已临时绕过,但仍偶发相似症状,留作跨组例会议题。",0,
row_rs_00210,2026-03-16T09:40:55.021Z,2026-03-16T11:59:26.305Z,Pager event: queue backlog growth #210,值班事件: 队列积压增长 #210,Doc,Customer email,Critical,Search,automated;customer,2026-03-16,39,false,Marked as automated rollup; the underlying batch retried successfully on its own. Keep the link for the runbook so we have an example.,"自动批处理已重试成功,标记为自动化。链接保留供新人参考。",100,
row_rs_00211,2026-03-16T01:51:04.905Z,2026-03-16T04:00:21.958Z,Customer report: billing webhook retries #211,客户反馈: 账单 Webhook 重试 #211,Email,Customer email,Info,Search,,2026-03-16,27,true,,,0,
row_rs_00212,2026-03-15T22:45:26.859Z,2026-03-16T02:30:51.714Z,Engineering note: infra cost trend #212,工程笔记: 基础设施成本上扬 #212,Slack,Internal slack,High,Mobile,,2026-03-15,37,true,Short note.,"已记录,本周不需要额外动作。",0,
row_rs_00213,2026-03-15T12:38:27.371Z,2026-03-15T16:30:57.174Z,Incident drill: feature flag rollout #213,应急演练: 功能开关灰度 #213,Bug,Pager duty,High,Search,internal;automated,2026-03-15,33,true,Owner ack'd; no action required this cycle.,"负责人已确认,等待下周复盘。",0,
row_rs_00214,2026-03-15T10:23:28.874Z,2026-03-15T11:48:21.240Z,Bug triage: auth latency spike #214,Bug 分诊: 登录延迟突增 #214,Note,Support ticket,Medium,Search,urgent,2026-03-15,5,true,Worth a follow up with the owning team. Recheck after the next release branch is cut to confirm the regression is fully gone and that the dashboards reflect the recovered state.,需要在下一个发布周期内复查。建议把链接放进 runbook 作为案例。,0,
row_rs_00215,2026-03-14T20:36:43.173Z,2026-03-14T22:22:43.700Z,Sync recap: UI shimmer regression #215,同步回顾: 界面闪烁回归 #215,Meeting,Status page,Medium,Auth,,2026-03-14,43,true,Triaged in standup. Lower confidence than usual because the alert fired during a deploy window and may be incidental. Will need a second data point before we escalate.,"在站会上分诊。告警在发布窗口期触发,可能是偶发,需要再观察一轮。",0,
row_rs_00216,2026-03-14T15:53:06.432Z,2026-03-14T17:21:42.133Z,Doc update: analytics gap #216,文档更新: 数据上报缺口 #216,Doc,Telemetry alert,Low,Analytics,,2026-03-14,15,true,Customer is unblocked but reports a similar symptom intermittently. Tagging for the next cross-team review.,"客户问题已临时绕过,但仍偶发相似症状,留作跨组例会议题。",0,
row_rs_00217,2026-03-14T11:32:04.345Z,2026-03-14T14:05:19.500Z,Investigation: schema migration delay #217,排查记录: 迁移延期 #217,Email,Internal slack,Low,UI,manual,2026-03-14,6,false,Marked as automated rollup; the underlying batch retried successfully on its own. Keep the link for the runbook so we have an example.,"自动批处理已重试成功,标记为自动化。链接保留供新人参考。",8,
row_rs_00218,2026-03-14T04:59:44.961Z,2026-03-14T08:35:28.777Z,Follow up: search index rebuild #218,跟进事项: 搜索索引重建 #218,Slack,Pager duty,Critical,Search,customer,2026-03-14,11,true,,,0,
row_rs_00219,2026-03-13T17:19:03.805Z,2026-03-13T17:28:52.346Z,Telemetry blip: mobile crash cluster #219,遥测异常: 移动端崩溃聚簇 #219,Bug,Pager duty,Low,Infra,manual;internal,2026-03-13,32,true,Short note.,"已记录,本周不需要额外动作。",0,
row_rs_00220,2026-03-13T16:56:05.495Z,2026-03-13T21:14:27.346Z,Pager event: queue backlog growth #220,值班事件: 队列积压增长 #220,Note,Status page,Info,Mobile,,2026-03-13,12,true,Owner ack'd; no action required this cycle.,"负责人已确认,等待下周复盘。",0,
